process_id,final_rinse_total_turbidity_liter
20000,585943.3954938687
20006,1303102.9786540545
20007,1204838.6423601783
20009,598024.4412711019
20010,555719.9799920109
20012,558161.5373874601
20013,82680.61703562128
20015,183620.29769268804
20020,729420.0371578017
20021,325021.89280702313
20022,497412.39097658824
20024,587473.5736681498
20026,915925.5819422388
20027,1031759.1967305887
20028,373145.37208909274
20029,568992.0085213173
20031,2211338.6604971257
20032,525287.207516449
20034,329059.32169902255
20036,215561.2566596668
20038,65447.26825583284
20040,225438.80034412857
20041,3509239.8702957537
20048,1514795.0605885535
20052,1230605.2534871872
20054,600182.8762499677
20055,463338.6683028861
20056,488380.86689744523
20059,22349.534937398967
20060,135571.52390176096
20061,230945.07479940212
20063,1036809.1268263374
20064,2423789.9099215344
20068,1024179.7829384491
20069,848313.9773533978
20083,139749.00397454808
20090,156933.42762009057
20091,1630095.640797563
20093,2280283.549064448
20095,776153.0867923795
20099,1421278.7935107984
20101,61932.1980532841
20102,33511.98687860807
20105,236269.3127761312
20106,679259.7247187418
20107,621870.0925385522
20108,227203.3695554419
20115,183268.1991700686
20122,608518.4633843545
20127,546910.5750860111
20137,724294.9353498617
20139,572211.9678287758
20140,452774.6325523889
20150,243622.69764433446
20156,515312.3306545771
20159,1616959.0803703833
20169,293347.7669363488
20170,612143.4055259817
20172,74811.91986470057
20179,1801114.7769666433
20180,164750.89462524003
20181,841493.9436114057
20183,211427.69202516475
20184,572993.235233406
20186,288349.45658599073
20188,1141986.9422945618
20189,837854.2962638946
20190,764496.7943879842
20192,728100.779790607
20193,345208.2313854684
20194,1338141.8481538305
20197,2372164.446568465
20200,153582.67356408434
20202,529108.5508806645
20207,1203970.0054174452
20211,1970059.5506477843
20215,689067.5572505265
20216,518150.8564112323
20217,233196.75840534753
20218,253185.75637348558
20220,1916139.9217609782
20221,650904.1601858371
20224,502247.6304741402
20228,741805.0950731698
20231,896613.4695189854
20232,229295.71356263247
20233,799201.7217812227
20234,2642131.640320908
20235,70164.22444697606
20238,504369.9092196016
20240,710090.8076655248
20242,2837527.9367025
20243,1317729.5826324131
20244,321071.02670463425
20249,28104.93101142096
20250,522568.6176457852
20252,147649.76672895876
20253,1001166.7493513577
20263,148393.05716534707
20264,4108640.5730253733
20268,681407.2250239056
20269,3845520.8954705214
20270,1647354.9289210925
20272,579502.7618851957
20275,92996.46250628225
20277,3738683.9267556355
20279,1587758.3510229604
20281,1217235.759411752
20287,1830701.406151104
20288,4084576.987438872
20293,568729.5413792505
20294,928019.5694122814
20295,623117.4529298161
20296,610374.2754196476
20298,1185038.3482003326
20303,1416460.801507973
20305,330988.7306973082
20306,222784.6390393679
20307,247960.77043380984
20309,4183206.549107608
20310,571754.6706897744
20311,701880.0947286355
20312,84289.06874946496
20313,569279.4248837782
20314,946509.2466791761
20316,3916687.1485407273
20332,2724976.283840536
20336,3769360.6212194567
20337,1007098.841661289
20344,720843.7222062432
20345,772101.2826874166
20347,61561.06815041208
20348,847068.3884681116
20350,2862839.234899748
20355,708210.5647060223
20357,302908.66623211047
20358,21126.158671512352
20361,374092.4314249306
20362,166059.17920794897
20366,1714726.2502688705
20370,1245255.2702986945
20375,406733.1442517779
20378,134417.756041075
20379,366502.77693176526
20384,1269130.9065572224
20386,824052.2557814287
20387,25368.01450005053
20389,574224.8500387256
20393,60295.88276812
20396,1139052.2272213695
20397,1041533.6322904214
20399,229635.84543016614
20403,700356.6291844426
20404,640121.3120508281
20412,1166187.7523904056
20413,201555.8260041158
20420,836901.3851067534
20421,45525.54902095206
20422,19542.302893614797
20423,478705.3196446916
20426,666354.7444129571
20431,1955054.0269646246
20433,625787.7731179019
20434,59254.48634905586
20436,2077530.632965697
20440,514561.2781413978
20447,957119.3992601205
20448,309922.6287736972
20449,491277.27330783795
20453,573765.6856600731
20454,700626.0284468995
20455,274455.8268166745
20457,293775.55736558227
20459,1590553.2595971245
20460,585691.1807033345
20463,39869.12866651908
20465,611281.5565938139
20466,607098.7676620373
20467,1331604.50359808
20472,1028645.7417379774
20473,667477.9639952402
20474,623075.7581908078
20476,642053.6919184114
20478,238465.5174944406
20484,734894.9477703813
20487,344715.41701945965
20488,3670509.421628268
20490,410403.4948513274
20493,3946583.9264030936
20494,1810970.1815232625
20496,765855.5778578853
20499,1393777.9871663824
20502,2714170.04669487
20504,99173.58234964624
20506,1791479.3426667599
20509,1929718.8586205088
20513,349861.6027436334
20515,1758368.0279245689
20522,1620171.1699080232
20524,2792131.158520894
20536,70539.49189720962
20537,1211960.1230564457
20542,589467.0921529687
20543,518898.03448804945
20546,753601.895425107
20553,1130375.8767551768
20554,670307.1687109184
20557,3753001.0753915813
20558,1369300.8399114138
20560,371916.2113603451
20564,1217021.3602171354
20565,576664.4873687897
20566,444845.18051735
20568,184622.81139163856
20569,745731.0262797119
20570,155340.83075257973
20571,836033.0810183552
20574,155700.77718948392
20576,218841.49673602395
20577,624859.6090715553
20578,502694.69018591585
20579,118310.0496953518
20580,358394.679166732
20587,577671.4823791967
20592,654095.9473629952
20593,114660.57004592185
20595,1632567.6735691044
20596,275176.58401625016
20598,149255.42120149004
20599,312659.3407007209
20602,32269.110712994818
20603,232416.19114331342
20605,209841.05016183728
20606,1343771.6586754837
20608,20358.260523203287
20612,50034.22081119066
20613,526226.5165976655
20615,1924591.9989780886
20616,57785.86649295098
20618,576004.7059819706
20619,712953.7221109436
20623,609946.8614007274
20626,718602.6643884705
20627,134256.72188339898
20631,20341.38804594607
20634,2634501.9154009772
20635,448645.29544828046
20637,566260.0998396613
20645,29635.18887570182
20652,1224224.095773699
20656,742806.6961659825
20659,277666.8116700335
20660,619115.1503235772
20661,217874.98522005155
20666,1781010.5522813343
20667,341605.30483564525
20669,403248.53878464346
20677,742556.8324493034
20681,1560710.8515102714
20684,511448.69312856393
20686,862497.1664442819
20688,751122.2856814017
20689,162424.33963020562
20690,34770.26999822714
20694,1645351.6603311407
20695,3956650.7573422138
20700,1445101.6081631526
20703,46826.682962824256
20704,156762.55780211734
20707,1858611.9140148093
20711,3722474.3541087555
20715,261510.90125254268
20718,15828.896287132402
20719,453985.5007679014
20720,465192.65288772405
20722,218914.49654061443
20724,88485.02681540893
20728,1227610.4863968217
20732,165376.16933515482
20734,221367.6930087561
20736,452896.6244407642
20737,205483.135006914
20740,3745198.802223978
20746,75589.59621707058
20748,262438.81705445284
20753,260347.6949601349
20754,1413264.5611705554
20756,1392903.731231517
20757,1723310.7637420744
20759,1367902.2003818764
20760,2406439.6346811564
20762,708293.2493699513
20763,1502980.4080954182
20766,1345320.3266089591
20767,1509220.981036111
20772,28179.22955277802
20778,620188.3857462789
20781,641515.2309027091
20798,934017.9288520312
20801,2340255.1239875304
20803,289872.5606952352
20804,2668613.567568516
20808,2805223.3751625456
20811,110034.06529631648
20812,2986433.9876258764
20813,3876215.0916451947
20815,156558.30428016183
20816,385776.2735715309
20818,989723.5006787864
20822,1691130.1519590649
20823,1322390.0051954412
20824,187529.31217592882
20826,1177166.759486166
20829,2686947.3558691912
20834,1200093.816512913
20835,990914.4242742655
20837,1271307.6674554935
20840,27636.315124628294
20844,4002604.5184936435
20849,818912.7421311585
20850,365121.0628433572
20853,522045.5651166335
20854,197179.83484565318
20856,663373.9873349874
20857,4029963.8774409224
20859,3923407.397541127
20861,4316687.70101886
20864,2967771.1621539076
20865,3974027.883468289
20866,225569.2825094046
20869,666777.609212787
20871,558379.751440297
20872,255962.26117683572
20875,379675.78489451203
20877,1301369.980603766
20881,255124.14006173986
20882,707890.8514331392
20884,1245605.3232335874
20886,601588.5374425525
20887,2355682.8737369603
20891,565199.024093217
20893,854189.1212289208
20894,560261.1656882653
20895,3731503.1219116636
20896,587444.4164320921
20897,859938.9358513724
20905,35278.362608146446
20906,33010.569761148436
20907,708040.8619054077
20909,1061226.7737242575
20913,2347253.826425453
20916,48418.147721934314
20923,1195960.5394085732
20924,271186.43859386875
20926,1933705.8539331642
20930,894745.5000845378
20932,1924540.5608475145
20933,1138257.2995565312
20934,877118.5046773545
20935,234190.1403571391
20944,3162217.152912138
20945,526975.6982113168
20947,1661002.1870738105
20948,384793.86220092647
20950,562391.0323565055
20955,591114.9655971645
20956,681105.8594156186
20957,33756.026616932606
20960,609977.2949720316
20961,107930.87201948397
20962,967530.253714078
20963,450711.88234333845
20964,1818399.2132053392
20969,33603.447110180154
20971,431813.13577600033
20973,919951.3737356082
20979,2332056.025642883
20980,1230651.2511929653
20981,1288867.6536272643
20982,713370.8510838448
20983,280059.5719536003
20985,3752608.4665522617
20992,1245326.2130840316
20993,3955574.2844600417
20994,1316382.7622648033
20997,4021131.843053805
21001,244287.68513260852
21002,47553.739188321204
21009,4057448.1060773395
21011,463905.7217194837
21016,199657.35719442266
21017,1691829.6587026569
21018,156440.99115646194
21019,73301.26720104359
21021,172715.99493121926
21022,645325.6790647982
21023,36177.38710137163
21026,2023154.6626277766
21030,3819161.9127332587
21033,486496.78423147596
21034,767150.121737344
21036,447168.2532329126
21037,2668497.3022380997
21038,405112.78558272193
21039,2336254.0842261566
21045,720098.7762550955
21046,251389.25198306612
21048,1257693.9618477626
21049,607255.9840169434
21050,210211.78352892006
21052,728691.6603614052
21055,936491.0390344136
21058,903547.3630501284
21061,794742.0995126037
21063,79374.49753913106
21066,137203.37407508222
21069,578951.1437299618
21074,1292358.8947021696
21075,3590189.9958149777
21076,1388305.2915766628
21080,1547648.2511066666
21087,2765949.86751537
21088,247095.60512559436
21089,2448179.48470885
21092,456646.1523816815
21097,594233.9778660741
21098,1426482.506601033
21104,1521025.5054161448
21105,734430.8785841529
21107,772274.6209489927
21108,318074.22517840675
21109,140823.6295771548
21112,787396.3495374528
21113,695280.3795248804
21114,4292350.776008641
21125,1233158.3987710793
21127,2729038.449281087
21128,256549.03097153563
21134,2378926.54508621
21135,626877.0811468513
21137,1011481.0010856377
21140,462706.63079258584
21142,301984.2956471775
21144,227548.7604935925
21150,749845.9472090267
21151,151880.83100565395
21154,178555.26771889653
21155,677337.16941079
21158,694486.7708330645
21160,454177.551420047
21168,82711.792791647
21169,134585.01056449395
21171,1104056.2054560152
21174,252766.85706966606
21175,1138803.8335144026
21177,701075.4883806166
21178,666008.3053102387
21181,904621.5102722787
21182,3561595.3924758537
21185,301993.7808869026
21187,589822.8398089852
21189,328579.2175415424
21190,1565526.6586720955
21191,599516.6801534161
21193,1043248.2353182223
21194,809044.8361166877
21197,754504.1736143096
21199,946728.29973124
21204,1148144.77589542
21205,23706.20161362544
21206,812927.3435481233
21207,556169.938188162
21210,3712853.95634061
21212,1194903.4306738738
21217,1142211.5727330463
21219,146689.03542438464
21220,138664.0854636704
21221,1310651.7767672576
21233,1227031.0214463542
21238,206655.66115040422
21242,773212.900945561
21245,735710.9618719307
21246,614263.421657617
21249,220923.991254366
21253,274532.2615190008
21255,1553550.0003846393
21258,4135601.5377652273
21260,1390663.6227875056
21262,339790.40922974044
21264,913816.4451382924
21273,320127.22188335203
21276,585672.8746827614
21279,736634.3544354613
21283,95446.7787601448
21284,31017.554264470575
21287,553174.6375640515
21291,795001.0847503871
21292,1309000.5144384587
21295,1091896.4106716986
21298,41621.395282334626
21301,21315.003924907975
21303,3736394.1856488897
21306,658697.815833321
21308,292435.18610264955
21309,135580.2252585375
21310,1699529.9879885162
21315,1374009.574001711
21316,253574.08145365026
21322,713634.4126297162
21323,1038586.0025096356
21324,711597.5108809487
21327,916090.4572191122
21328,189713.9230476118
21329,517938.796823056
21330,714968.8400441528
21332,768574.254423185
21336,3589989.684424228
21337,4168035.214892004
21339,986103.7882333328
21341,662448.4019608849
21342,1187510.5910310152
21344,577754.3591260671
21349,686365.5184384395
21350,765384.2173274391
21351,82927.62947715251
21352,4059419.976551735
21353,685381.5246397709
21359,175069.92676309383
21360,3836718.917670099
21361,701514.4739479452
21363,498928.26778758
21365,628225.3143538644
21366,1022084.9928580901
21367,749638.6501318624
21369,695851.2922559831
21370,24081.803987292176
21373,564409.5963872621
21374,936499.1648109137
21375,739841.2070901915
21378,15920.890603929802
21379,1812900.7664824533
21380,551325.910845513
21382,1021896.4785457217
21392,480442.8070505371
21394,3091753.2616538955
21397,455194.9432426688
21398,1881311.2457038935
21401,151694.91184494464
21402,198165.43446443081
21404,121334.1389274832
21405,142459.7719917135
21408,1711783.7286399256
21412,195905.29556067678
21416,668388.1296554112
21417,282837.85829020914
21419,1058943.8438797053
21421,1371126.5503744446
21422,1053106.863901069
21425,2100883.9565441
21428,659653.5459087348
21430,749602.1038210513
21431,630631.1892566279
21432,299745.9994751396
21433,185753.1347622205
21435,1151296.4049528611
21437,648816.0327309659
21438,411507.00238217023
21439,264141.3606476993
21440,259378.36028611392
21443,87897.19191846807
21446,616234.8420807606
21447,149042.2436520261
21456,401613.0856138406
21463,1353874.2752654015
21468,791786.4084075531
21471,254959.2450717305
21472,1286310.479840069
21476,71058.25979754174
21478,425466.48010362865
21480,24467.200634534067
21482,2680007.981846615
21484,588557.4900172497
21485,216193.48057621368
21486,587365.5262114763
21488,1328334.5236556663
21490,1786323.0509969627
21496,638034.3845466659
21498,2786057.879320953
21503,645723.7079458784
21504,1069667.8771291925
21505,224943.5928369925
21509,578555.2511955455
21511,1815590.4648840134
21512,155312.71774340296
21514,607975.1162563631
21518,314404.18514848093
21519,1374909.4487952576
21521,82634.7700338442
21524,573549.2402200048
21529,2108114.030490392
21532,71187.64397263037
21533,3607808.589062617
21537,148922.155005777
21538,3998562.826143486
21539,860698.4262239786
21541,1326188.1795717152
21542,3688055.7579474594
21544,518034.83435181517
21548,74021.3897036704
21549,722584.6837111618
21551,603965.6076465686
21553,702561.2858040892
21555,3810725.249381656
21556,1377351.0859248992
21557,580161.7390682119
21561,4032120.6615035464
21567,1038522.7674603632
21571,268339.2203188844
21575,489075.4286941946
21576,177707.25487913028
21577,47441.04694623265
21579,1661409.5248903676
21580,730359.6207433095
21582,549162.9433249964
21585,1000100.476265813
21588,1350312.3778829095
21592,59426.28239105004
21593,546255.3548925732
21595,1152227.1609861443
21596,54199.58820489614
21597,646759.7199235236
21598,492387.71473569924
21604,1765924.1057225806
21605,1076809.4156666058
21608,2433214.72776837
21611,226882.41655473746
21612,600630.0552037049
21613,742366.1097144712
21614,2466515.385592577
21616,877972.5703476999
21618,839368.9897154705
21622,3926395.6661973177
21623,32797.83752741202
21625,1439054.7737614068
21626,969977.2534298167
21630,250179.3955401485
21631,508389.0589991226
21632,650843.1763813284
21633,78974.63919351615
21634,1440995.0668282462
21635,147478.02643138947
21639,442363.0218911654
21641,1295605.4530083982
21642,458339.6527769742
21643,20491.922031292506
21650,280054.301952385
21654,1007710.5272405618
21657,949549.8363873364
21659,2237303.009688826
21660,854729.5929156231
21667,1243486.0511646415
21669,892357.4696346801
21670,1085439.9842311933
21671,71152.42671923767
21672,2328690.6482432513
21673,1779140.6701299925
21676,662122.8089857285
21677,1128722.5866577902
21678,1733190.3245733646
21681,147050.1147271267
21684,4085332.1275608577
21688,238519.46062524588
21689,794738.1259994193
21690,298106.27057876484
21693,294960.15335312777
21694,441601.9117483786
21697,741788.8512948767
21703,1289119.3857948
21708,1720971.0468056041
21709,169123.45347907834
21710,4190980.8646935076
21711,571720.5515779137
21712,166965.96335907368
21715,486473.634653251
21716,664969.0116644358
21717,4081448.5975044463
21720,153663.22730213727
21724,731735.4692061159
21725,530265.5523809207
21728,1236853.2831826773
21730,3999177.11507585
21732,552349.3987478759
21741,125821.92718472873
21746,2323800.219201468
21750,302876.4546389628
21751,485276.80372241547
21755,215300.86679140804
21762,2401326.7224860736
21764,1891127.650635604
21768,630050.8932226428
21769,1407892.1050545939
21774,24239.140188303063
21775,65547.31485388949
21779,1886995.2562791018
21780,455013.60929823905
21781,143782.37554230512
21784,3945958.564838798
21786,1207835.231596014
21790,220354.26697423513
21795,833452.6312327936
21798,551269.4580578129
21802,1446236.7980767577
21803,773944.9777809359
21806,1221339.3744707515
21807,570476.5481418467
21811,662830.3950121793
21813,74759.90769019272
21830,343992.8806759923
21836,371064.24105314247
21838,1002966.1654507782
21841,1474079.599600782
21845,303478.6187231319
21848,193889.77320154806
21854,215315.00170462296
21856,81345.97226344116
21858,156283.11763435588
21860,692072.3992379265
21862,2853025.903387251
21863,639241.2706242296
21864,1105205.6350094937
21867,574926.4414291753
21868,223785.8190552934
21870,65135.18356784418
21871,1652398.5910896778
21874,1029928.4675291446
21875,1283726.365096023
21877,1319942.5951122937
21880,167968.4201659667
21882,20694.946034401884
21883,4065437.948862534
21894,577014.5965794049
21895,1102212.1807696975
21900,1677141.1902150926
21904,27116.696736851445
21910,1443132.8435070077
21913,157110.41729962864
21920,643586.6662465967
21921,535675.5612145468
21924,446793.3892180852
21927,368728.2989398842
21928,619676.9177420009
21929,392588.0292847933
21934,551510.0191728008
21938,231274.05980496784
21939,643607.7957481535
21940,582148.604604842
21943,690230.0631550557
21949,2384435.8864861606
21953,420731.71682278614
21954,627449.4134440776
21956,167744.99505800943
21957,78810.77695659074
21958,1009289.8246302429
21959,643313.6771570438
21960,379710.19709139154
21961,1292790.4552130883
21962,171993.36372580304
21963,579871.9331843569
21965,74331.19018610014
21966,538115.2299050287
21967,543481.75409573
21968,417447.4082155155
21973,157330.79302577235
21976,1554171.088652845
21977,329009.786612612
21978,3810096.4385764375
21980,728277.7713814903
21984,2943306.51663965
21985,604073.9744358169
21987,2997130.470792278
21990,4488166.717207135
21992,21554.636107363975
21999,622544.9403836065
22000,2191170.90863926
22002,584400.1325056643
22007,372644.2011491601
22012,1018629.5911755854
22013,623361.0369676419
22014,554661.7028754951
22017,878620.745949049
22019,202676.81924242133
22023,607722.0784510694
22024,553974.2834577058
22027,886007.5157624986
22029,245513.62500294053
22031,404823.6160409273
22032,412139.25550174864
22035,759668.8202106812
22036,24255.988916514772
22037,1391125.8635763081
22038,981961.8055480199
22040,1154449.6122397953
22041,1888394.5358699125
22042,525999.6934512925
22051,639217.7543039793
22055,1365644.3746761254
22057,23571.36919493124
22058,1415511.2530285718
22060,540821.9640971867
22061,1372468.810509841
22068,601618.8739274725
22071,2620718.0256241304
22075,3854549.6234437823
22079,214017.24461040794
22080,2292093.957356191
22081,1324732.4773960789
22084,529514.6831841135
22085,1136123.5702240579
22086,603828.817764676
22089,3172171.444475814
22090,3841665.4711529636
22095,1060950.2722967465
22100,3629432.7736150874
22101,1460533.964894166
22103,331659.6833129505
22104,188756.47712056214
22113,594619.0970833295
22122,133454.75012964912
22123,1199962.6412743707
22128,339670.7446784347
22133,565839.8828269314
22136,1062807.5578322753
22140,630673.565628311
22144,1021272.967075846
22147,176065.84252756837
22148,24547.207684319903
22152,40920.43779356796
22153,339111.27777023637
22155,1095968.9656674836
22158,600801.0513219734
22163,490787.25805837807
22164,23965.552605433444
22167,223971.26167883122
22169,318008.60352933855
22170,261870.937991342
22172,1306795.954865914
22174,604798.8074012425
22177,708611.1088502472
22181,647163.6167300071
22187,335183.76312726375
22188,940526.5190888958
22190,609212.979176573
22193,623469.1888921309
22197,1626903.3533128381
22200,277705.71278323175
22203,693017.0780972815
22206,177634.63248169658
22213,644653.5190468022
22216,246397.1171842401
22222,230773.71751887
22223,943725.5784951376
22226,591624.5034793528
22230,518443.670515553
22233,224665.48108408166
22234,3581522.4537859024
22236,247016.61122689766
22237,155640.25771065085
22238,396119.79665484047
22241,227237.50114168483
22242,378641.8753444912
22243,928292.4630850165
22248,1214276.4321446493
22251,506634.61077712756
22252,1060188.7084438845
22253,86887.59496507472
22255,3622084.911310876
22256,149418.684429386
22257,799017.4846700288
22258,588417.3874868054
22261,1715025.3757916098
22263,994474.5472216009
22265,876907.5159915609
22267,284603.1667692752
22271,768025.2322352639
22273,441019.19167733396
22274,15234.44326074879
22275,1084864.35844444
22283,233764.58661685156
22284,535482.8755455726
22285,361673.5508986311
22291,714805.2308645761
22292,58397.39553529607
22295,189298.4526794632
22297,804892.7976090141
22302,3061096.3609552085
22306,26160.11005199157
22313,4060145.399071436
22314,604200.6656191555
22315,663499.2175457041
22316,518485.18007448834
22317,631684.3939138851
22318,254269.61170814326
22321,200917.7553589184
22323,1025385.6900627487
22329,1029286.9239385402
22332,234355.3986226066
22333,2312682.5089182286
22334,543189.1398079143
22335,400075.2618095907
22338,1356832.4744253196
22342,181167.89260395695
22346,768411.6048478781
22347,692950.6980620533
22348,199663.71066439524
22349,721415.1567291383
22353,1053183.2122785652
22354,878616.6844307665
22357,82216.58406340324
22358,50885.64024136924
22361,2737508.3185634622
22364,1012366.5603917601
22365,1239038.5968218115
22367,1205405.9057540984
22373,182292.88925685495
22374,469723.6651845673
22375,1673779.0920700897
22377,999186.0925835622
22380,2678851.361845041
22386,4193516.4972905186
22390,984535.4763092779
22391,826635.5913866928
22396,1598441.9907419984
22397,497616.03852403973
22401,72247.83671207401
22403,1924017.5683167002
22404,492710.3410379812
22407,162990.1923244637
22411,596111.7551436733
22413,2838545.2129699984
22417,549903.3014813691
22418,3928102.7545421687
22419,192541.6170065562
22420,49325.38547780162
22421,64185.28384650377
22425,1254801.3600851642
22426,227496.53702423256
22427,3907051.2732104873
22436,882455.3177562619
22438,1170807.3951276536
22439,674830.3367426897
22445,566512.8292364123
22449,1796232.9688975152
22454,3045225.844469954
22456,1172902.099497463
22457,55398.04187253626
22458,428543.7240632678
22459,691399.4994022187
22463,630484.7902710506
22480,390321.8392411622
22488,3940263.5985003076
22489,735607.8789059018
22490,2654822.5234662294
22493,135146.2447259907
22495,583710.6957570583
22501,1116786.929295459
22509,1043254.594920618
22510,824228.7914637576
22513,789719.6207715776
22515,268063.6843765048
22521,604152.6386840928
22531,58612.1291731939
22533,57069.5376884971
22534,133509.1431977043
22535,1432381.5698105972
22537,2187410.7650145954
22542,559271.22569482
22543,632529.420572411
22544,3868094.6210113736
22545,145141.81884427601
22546,641321.6444297448
22553,3982532.096615767
22560,1767154.1969854382
22564,3757954.415507415
22565,63873.75522756851
22571,441378.46644519124
22572,231583.20986837373
22576,604206.2846178939
22577,307910.64486009214
22579,3795285.8925042325
22589,243956.5520902275
22598,3906093.42856773
22601,1509993.0501374584
22604,1063075.052506281
22606,209208.4868510228
22608,28440.621696080005
22609,1686636.6384502875
22610,26369.688681038082
22612,2662191.3188333507
22616,1425546.770584295
22617,324508.12183092884
22619,649838.7165463284
22620,1889790.865068755
22623,734048.0077662817
22626,3508624.308773871
22628,2905935.081806419
22630,389242.6425649005
22631,540944.1048803179
22632,480719.0922087941
22633,484908.9022451479
22637,759177.7031334599
22640,4159105.497458045
22641,805922.8062938566
22645,1202522.5361243365
22646,525244.9678067459
22651,157373.0205380257
22655,352795.93966170365
22656,773396.5899625911
22661,200385.00549127618
22662,1166950.0573185058
22664,613401.8601642761
22665,354858.48811639834
22671,221681.90298436405
22672,1477016.933057201
22674,28765.472674672048
22675,3742478.279507746
22676,1200419.4351166475
22677,866490.5981334823
22679,1684682.7796166637
22680,3922061.216698339
22684,1400693.278378661
22685,794426.6422064841
22686,2034539.7217215053
22690,623100.4291339114
22691,776039.9450960004
22693,786505.3026478094
22696,1522258.4111521663
22698,331685.7373708537
22699,1041202.4549899651
22703,581093.5931027086
22705,1283350.6922248816
22706,35638.89183713322
22708,519882.85443896096
22709,572973.9127360367
22710,667500.068001857
22711,676396.5228895366
22712,3931964.0118595213
22715,608746.747159789
22716,1875325.3389775918
22721,3684614.0226933514
22723,223767.23914500995
22725,651729.8394093547
22727,604651.0881476864
22729,780752.0784638376
22730,164334.1035513215
22732,1364418.086513522
22733,277882.2828705897
22735,28022.062257250796
22737,15984.08061444276
22741,204009.57220810401
22746,560661.5642991939
22750,715621.1061592142
22753,777742.8717947773
22755,293911.28266669664
22756,388723.46745379956
22762,1152105.6650066604
22763,188664.18567030152
22765,1174780.8348167934
22767,293505.45352512744
22769,750154.9089716589
22780,844728.8682129108
22782,546606.9236929758
22783,696099.4444754341
22785,508871.4255389307
22788,1236237.2431826352
22789,1026405.4585659057
22791,815591.2588513163
22795,636495.5931495717
22801,476429.2308795033
22802,730861.4926456306
22806,185095.88972184874
22810,390173.73944039387
22811,1968583.6382397106
22812,1277717.56127638
22815,1094296.5009431252
22818,700820.1484184759
22822,758256.3562476814
22829,1664452.1721179548
22832,970075.797658812
22835,226208.35172966513
22836,299704.2150148936
22838,3759241.9145434145
22839,2310540.0832151338
22844,245061.55199662023
22845,750345.6760435392
22848,109581.07197507592
22853,323676.2670081407
22854,1283306.7380020076
22856,58495.38645702691
22857,1758677.0079138544
22860,124195.63199717375
22862,992152.9866215136
22864,791567.1985083008
22865,64424.013252236466
22866,161939.58043619292
22867,503596.0629134943
22868,3956755.05145937
22872,197970.9010893232
22875,286391.8818290242
22877,812297.437922477
22878,496881.4047228238
22879,3816396.848610833
22881,580089.2853683713
22883,1062032.8446506243
22884,75283.02309090395
22886,1624372.1299713817
22888,943951.284235479
22890,525196.1146299636
22891,535747.1447937932
22894,239297.02624803918
22895,162612.6673264441
22899,709724.6795140675
22903,62860.81587055686
22907,1239570.3889997287
22909,347710.84667665185
22910,521006.566387934
22913,617679.3478762223
22916,582463.6456422877
22917,1560970.5514889248
22920,747839.3127930192
22925,241292.16018273207
22926,1529209.0836576936
22929,377433.32548157254
22931,625068.0947203408
22932,3215102.22076023
22937,602928.3805093109
22939,795581.2682269101
22941,140375.89212390612
22948,633529.1751175337
22949,157327.31216738306
22951,965128.3337488106
22952,2453836.2957798825
22953,578352.4068009009
22957,1763062.157269319
22959,257795.13645908935
22960,1204990.8374743443
22962,1271393.182687877
22965,315119.60314273054
22968,456420.9904137652
22970,210102.17149780891
22971,453111.8107051128
22973,225852.37886980595
22974,354438.22910840245
22976,501768.6229639834
22977,917222.963926158
22980,1206788.4823184968
22981,51543.03846963026
22987,1221287.183786339
22989,305240.66455645463
22990,696207.7120846368
22991,664005.2725144654
22992,2792063.3731382946
22997,536804.7021670586
23004,736123.5026326403
23005,614839.0273873378
23007,3941889.2708091913
23017,682047.5298628219
23019,133116.88689193194
23020,75717.68828262857
23022,1256905.4942993566
23023,238561.0795002275
23024,216487.63584468857
23028,4094789.5688384003
23030,532568.8949747449
23033,785064.5266065196
23035,517876.9932938061
23036,141584.09106250893
23040,145294.8363169912
23044,374372.13345673005
23045,744458.3590074673
23051,3827307.986602753
23054,608364.8781868413
23058,154817.45161541947
23061,580182.7822640738
23062,523230.2926515483
23063,1604205.1222358425
23064,488546.4940073545
23065,650972.1307628632
23067,824050.1171420536
23068,1548666.3021383416
23071,516413.66148217424
23074,817476.4024638782
23077,110638.08928948289
23078,1101532.9521669901
23080,1532418.3565975286
23082,1628115.109001799
23084,486459.6744356016
23085,1489815.4810601675
23091,482816.48758281127
23092,420728.11520791997
23093,414159.1627681884
23094,623183.6668893674
23096,260212.8302624381
23097,2659900.4768965594
23098,238240.18824906144
23099,4203901.366762613
23100,782191.6298752668
23101,510716.75550779694
23103,1318342.8347739754
23106,520737.8653333909
23108,762068.8744515792
23109,291430.2327823446
23113,33863.14153817294
23114,631252.5277957144
23120,585193.7262048825
23121,2032548.4232978835
23122,1419115.261831237
23123,264290.62608480826
23125,3606326.9485992333
23129,739685.1559796791
23131,85827.07202512711
23133,213401.44166606397
23134,670250.88530939
23136,975383.4686058935
23139,558792.9584023525
23141,1172635.5052951667
23144,49189.99164308219
23149,804415.8555723056
23160,245686.44337724397
23162,1006751.4316643743
23163,715071.9170840074
23168,3808795.2145227585
23170,652107.3389704203
23173,40051.35780820224
23175,1850214.6435461787
23180,193818.83947300666
23182,644597.6052131152
23185,3859043.4448169097
23188,34450.13726181459
23190,544124.6038674129
23192,807139.0735495136
23195,70181.78102059322
23197,4123037.1444865502
23198,1947847.1088337868
23201,26000.0162523819
23202,597191.1714969381
23205,3239771.585979252
23206,665628.3080509593
23207,511649.3150963319
23208,3875464.364045156
23213,1044856.876516103
23215,760850.8450329521
23216,564289.9075421928
23217,477278.89189428947
23218,592242.7905392442
23222,1233858.321244374
23223,760342.0485799528
23225,706072.5050827665
23238,74811.44612133426
23240,704031.4564469499
23242,399646.08639097476
23245,1658141.1465765894
23246,144017.38795453325
23247,633329.7208199191
23251,1204858.892600579
23258,1817214.67475428
23264,1011802.7575535424
23268,175804.93529108996
23269,567268.5958600024
23272,57283.25472055752
23274,66872.56042121672
23276,3049390.009881034
23277,1271139.5040955504
23278,716183.9548063918
23280,35621.820085147265
23285,467092.4456262021
23288,1223131.3341986896
23292,628399.7892138602
23294,24456.576229316415
23301,3659586.616736112
23305,198917.88389807122
23306,1376549.2896819839
23307,127115.72434727856
23308,70997.2535266799
23309,987283.9257234997
23310,413385.8361322047
23313,58936.85388267402
23314,2589441.60539339
23318,695026.2816023814
23321,1260920.2783144668
23328,192927.98181274024
23332,2840633.3467831737
23333,823811.077297136
23336,662077.1210314255
23339,380939.5161613964
23343,1315279.960755716
23345,737549.6789295089
23346,2918238.0611099107
23347,473139.56591580634
23352,1387864.141395626
23353,676017.4682427516
23357,1186047.7528253437
23373,798317.7211587222
23379,379830.1908580225
23381,656939.3012718995
23383,29546.81653885746
23384,775765.0929446336
23387,62764.68139904965
23388,182435.08133327708
23395,3696695.352621043
23397,213384.47081897446
23398,157656.09062910825
23399,755114.7266278998
23401,679961.7531557643
23402,2470995.3564766236
23403,3657292.6066130307
23404,711016.0793748068
23405,4027356.7301614354
23406,643330.8745814953
23407,4035748.557692701
23408,721247.2319764749
23417,549630.2184739669
23418,154646.18380383254
23420,162205.83513717263
23421,146682.0144591671
23422,734272.5369847033
23424,3846669.3269931288
23425,1369115.1668188279
23427,22557.35276979416
23429,2254938.819339554
23430,760236.9107836329
23432,145184.20909517587
23433,19343.79210828309
23438,3567343.9596072743
23442,223846.56414078202
23444,1824831.6496766692
23445,597200.9841585613
23446,243095.47947509968
23447,885775.5910894409
23448,2876963.878193244
23451,2097955.8553869836
23453,27474.352494423267
23454,606015.6980222408
23455,2771005.3761850526
23459,226680.05829394658
23463,3928988.00395952
23465,458766.51382597134
23470,310938.0689194474
23473,1474106.1177627668
23475,1785548.213657919
23477,1435302.0736341965
23478,588116.5615545878
23481,1783848.0495080324
23484,1512615.5747815236
23485,1217309.3294393138
23486,4028261.386385971
23487,1887906.4744675371
23489,699586.380859111
23490,593446.3203110455
23496,280693.5113261981
23498,885233.6389870462
23502,3721917.208824382
23503,454371.89699800557
23504,748054.1132346233
23506,249407.28739938003
23509,2205641.7532408596
23513,923983.1717511605
23516,600549.2002875335
23517,904549.8349216966
23519,992464.0908439197
23522,223069.64176563945
23523,177290.09855720276
23526,821615.5047850335
23528,4389097.064791849
23529,3569317.1563637643
23530,677953.4412244165
23531,199538.41062378965
23533,1638730.6801903492
23538,1543284.5126343146
23540,189246.74165659258
23541,4447106.473442512
23542,1739337.2905401918
23543,220457.86758594174
23546,1105732.1763009294
23549,624594.8250936284
23552,128166.07099578841
23553,2802851.2062010416
23554,387463.6027985101
23555,490631.3785750231
23556,184574.50438072952
23564,735360.586418016
23566,1147919.6647143927
23568,491291.2380731098
23570,613204.7821848753
23575,727189.1701107466
23576,1425626.588333712
23584,3037864.686350995
23588,3929630.347690917
23589,4154164.697049278
23590,674585.4962861104
23593,1031578.0243764828
23597,56037.424434926084
23598,675226.0944012164
23600,3878855.93267658
23602,754628.5245279951
23604,2275951.969137632
23611,488055.32973340794
23613,1991358.7407188362
23614,3914426.9727877323
23617,144725.10808674572
23618,725239.0714906995
23621,3875151.8372316854
23623,367445.60394055536
23624,133486.20396971158
23625,1208285.4469986595
23629,20583.545794174974
23634,205715.69491217268
23635,1229702.200925743
23636,363103.67821294634
23638,914442.7069661216
23641,487113.1202245681
23642,106272.23301505027
23658,655462.721756473
23659,1608550.1767896388
23660,1116105.1980999173
23663,2021993.1766777337
23665,157380.88867484825
23666,994006.9329725448
23667,1290973.3293338413
23668,309391.798808893
23670,461537.0196822392
23671,566960.4026096185
23673,2355732.855298833
23675,304534.65451208875
23676,1203317.683472699
23677,210151.43977446936
23679,112463.5899190686
23681,2824097.23063062
23682,798583.4289422383
23683,3866420.1954580615
23684,2634211.5202647983
23689,3650375.7294826712
23690,223964.60650438548
23693,1071706.2875136442
23698,789546.9386135602
23699,396036.413839367
23700,1315218.975838274
23710,437378.8921086798
23711,51348.15862144075
23722,3652964.1173140975
23727,638304.0766646542
23729,4101956.22779443
23735,145426.78828753848
23739,1386770.1785917324
23740,56211.2303013672
23741,196680.97377336398
23742,70626.13294036144
23743,762538.0513391254
23745,89544.11779881519
23746,1440333.1436556838
23748,248315.000396782
23752,181224.37518819637
23753,1282669.673241513
23754,1756652.6010958925
23755,1572968.646042322
23758,613757.4582262171
23760,806643.965659779
23762,1648721.077293804
23768,1008769.4257620211
23777,526495.8227430567
23779,533686.981087793
23781,755538.0111914607
23782,1902855.756038403
23784,519025.3275253612
23785,1320046.9427143505
23786,501604.54064234503
23791,1186176.2617652041
23794,3890761.6593032605
23796,653466.9027899534
23797,636975.347648098
23801,610457.7383287915
23804,607963.0875080894
23806,421358.3417633231
23810,1394907.4526868935
23811,2085644.9130421001
23813,3795967.6936994856
23814,3745611.5787900737
23815,77720.99982421116
23817,2872446.849750664
23818,1403135.889643534
23819,1064990.9611642095
23827,700835.1472222855
23831,237187.78762509275
23832,166153.1513737164
23834,566917.2638870102
23835,715262.2066474542
23838,1021515.8008360447
23839,484171.19149154745
23840,120774.8725094445
23843,532322.2670399677
23850,476415.4571646242
23851,391118.4693710331
23853,3753770.237579735
23856,1463967.9521462126
23860,771419.6701186696
23868,479939.00556970976
23870,458067.70769743144
23871,1352614.7196231142
23873,1463575.7925229138
23880,81036.0551818822
23883,30007.977068508713
23886,995157.1170180773
23889,356247.4946455405
23891,1502727.650265804
23893,672817.5455389778
23901,1042382.8969886346
23902,373305.11781396857
23907,1017038.4447738277
23908,877630.9353826394
23909,1479807.310056554
23917,81797.17657117046
23921,702928.1895483349
23924,327674.44073508726
23926,686396.4783892785
23932,605795.249110266
23934,763111.0783180968
23941,608539.6382603355
23942,1943517.8641373808
23944,31134.819487445602
23945,1104354.1759912365
23947,623099.5105366625
23950,759746.1229688111
23951,3712261.499217092
23953,493984.759944683
23968,1651149.297294263
23969,1235435.7037033574
23973,252669.35314931214
23976,4030133.105234327
23979,777001.1579881124
23981,4045424.3166840654
23985,741839.546664985
23987,708001.2718602015
23990,753186.8406278008
23992,203366.42301452608
24003,1163327.9672350565
24005,441013.32620982913
24009,734797.0351614525
24012,99760.58644386909
24014,1491931.535820296
24015,1321849.233226691
24016,581047.6323579751
24018,852356.0313469653
24021,334767.2405108745
24029,1572851.0415935703
24032,1468840.3181191466
24033,1185494.4347803837
24035,158529.17244415494
24036,599004.7737984838
24044,579690.6233485491
24045,658397.8995082807
24048,575840.210085712
24052,137022.57057827146
24054,2930805.4139928697
24057,1262021.7214230273
24059,4263465.530379793
24060,180598.86347942497
24067,54286.07478085062
24069,1658088.7456368604
24071,2729961.580418673
24082,535065.0783059059
24085,28774.959035936266
24088,1799709.1127539366
24089,578748.5734131373
24090,2638105.319949464
24092,675676.7052613593
24100,577607.8215376111
24102,1148113.36704815
24103,628565.8399497271
24105,85196.36846478847
24111,23605.033897612495
24112,1386341.4352828702
24116,655047.447306294
24117,3985459.211426446
24119,889259.4083832878
24120,542828.3249353523
24122,322967.5072276521
24127,554883.218619085
24131,629068.2250348268
24139,663969.2296610152
24141,47141.384613818314
24146,189271.075798488
24147,1650087.4418172091
24150,185787.14877192213
24155,1858452.4390475065
24157,164211.86595284648
24161,27216.59933695558
24162,297163.8733352537
24163,47177.39502288237
24166,1364155.6667573436
24169,196428.58012254996
24170,246955.3060121126
24171,1691357.804108835
24174,206867.3045526567
24175,28044.383253217216
24177,110349.59161806648
24178,218434.87051665632
24180,833845.0066364867
24188,149254.506920917
24195,60266.628793969765
24197,409546.53573110676
24201,925800.5142907002
24203,210801.40036893942
24204,546727.9119897973
24210,1598791.7197989004
24212,221143.70702988343
24213,328886.44075466174
24216,161700.0592476748
24221,695293.8442089596
24223,196785.14180037146
24225,52437.538009709664
24229,400289.70147826534
24233,1265622.182945254
24235,909108.8311468884
24237,1011899.3468782933
24240,512123.223896674
24241,224515.1434369179
24244,216704.4619038096
24247,1847607.793877958
24248,136655.04241037017
24249,65937.19341068673
24250,586143.9880399485
24255,65249.31018817843
24257,425043.61043364287
24264,900551.0500531521
24271,783220.908405534
24274,553514.708200432
24279,629927.2475074778
24280,883856.916268982
24281,653806.340169491
24283,1153656.7656159506
24284,2204126.6316366345
24286,60797.67145189146
24294,704683.69430038
24295,320446.2012778805
24298,1333264.8564861077
24301,516367.3242175185
24307,209392.38930527135
24308,1006647.078496764
24309,76371.06506774813
24312,868649.4514152175
24313,169654.93877643946
24314,138482.76729927157
24317,321082.444974071
24318,542389.8620879721
24324,617200.704815107
24327,1001177.4344966608
24328,256760.57076828743
24329,763094.0235205584
24330,437384.30948992807
24333,594598.9840946477
24334,397642.96713388176
24335,3899506.3355529704
24337,564543.8307234205
24338,3198979.728496021
24340,1196945.6692194573
24342,600610.4009675351
24345,4089567.8304626723
24348,1458063.4724987336
24352,430075.8298437922
24353,1690467.164079608
24355,13837.656601011942
24356,236693.6301924093
24358,1733754.146491931
24360,1610156.07160201
24361,39224.59445238883
24362,106882.46007460018
24363,28555.920094491714
24364,1052710.2804117529
24365,474863.32204901474
24367,34618.910875095935
24370,633746.0103883968
24374,1168186.092855014
24380,421905.6781849319
24384,340309.59142983536
24388,2899394.4231337444
24389,607214.827537084
24393,1796815.588342246
24397,231946.01156834333
24400,1455697.0440451268
24401,1878714.5334806636
24402,818087.5443144488
24403,150445.08800602725
24404,1807349.5116502766
24405,472194.82431423664
24406,1073516.732462264
24407,4225318.927389413
24408,1598750.047048931
24409,245174.72843054993
24411,220129.75639119055
24412,1132495.2330905546
24414,637835.0003270021
24417,1002166.632216665
24424,641399.8314553361
24425,738482.0424990737
24426,1072344.8297930863
24430,3532333.0997413113
24432,538596.8335446985
24434,670175.2721681173
24436,212660.50230929125
24437,4043012.613330802
24439,696712.6048567016
24441,736026.524703416
24443,2911582.2244591275
24444,622298.3827463498
24448,140691.87555008868
24450,668365.0185765949
24454,324509.8738965275
24456,1252438.203201101
24467,700396.4816095823
24468,1080644.552905835
24470,567368.9870056112
24471,237258.041361658
24475,218814.49380894352
24480,1057602.2683674982
24481,1063081.0410808835
24483,1160598.936625299
24484,522489.9896781823
24485,518422.3488954872
24486,3994078.6085589374
24487,1620919.7298266406
24490,4119945.1536846277
24493,1517940.8351279502
24495,1209553.6401066303
24498,435048.2567608983
24506,540901.0956008843
24514,145768.44430746706
24518,646254.2885563158
24523,784273.8372642109
24531,2743298.5999566154
24533,3748936.2027863055
24534,575198.1172025456
24542,3930587.3179399758
24543,47727.997822811536
24544,755384.1507322442
24546,3977404.942907955
24550,1165096.491101286
24552,137984.40404501953
24553,73584.53118785068
24554,532282.2454600399
24560,584365.660301593
24561,841060.7453266088
24565,782897.2897482333
24571,762332.3820852133
24574,716493.2421835186
24576,720304.019623947
24577,568089.0778565278
24578,4249524.188522334
24580,1710747.6730744783
24584,2862025.0857035527
24585,608032.8450801896
24587,22791.37213820794
24590,1405519.3135684663
24591,1853670.0128328148
24592,1579705.1511450915
24594,207672.3310449948
24597,34084.80303469125
24600,623533.9786960472
24604,34287.62235967318
24609,1585109.182714057
24614,602715.4918018824
24615,1139388.4382975777
24618,567381.6302721971
24619,2688697.462540594
24622,684180.6084056041
24625,1698905.8404024618
24626,2437198.734430482
24634,143001.14496353912
24637,210749.22128929818
24638,786521.4892090152
24640,110333.84975298695
24641,3215755.546488178
24642,486678.63796055096
24646,1225769.6519104585
24647,678475.214124446
24648,341222.5503824866
24650,627652.1946270161
24651,775892.7824926603
24652,1049749.8102594276
24656,557154.0765833339
24658,448537.10495646636
24662,319723.9474119945
24672,822704.3400569895
24676,1023344.9067449424
24677,2198894.905446266
24678,324559.42392568366
24679,545071.8520034358
24683,21074.803875852354
24684,2062423.0489566205
24688,1233732.4267124094
24690,724811.93411016
24692,1782316.2015578803
24693,1417862.470545973
24694,166086.41429425243
24695,1640553.251472432
24697,212768.4828929812
24703,1250811.5678739
24704,418688.224966887
24706,1153598.7453794845
24712,3555621.7863675468
24713,3319784.251740114
24720,1159340.2267160045
24723,695279.3492126006
24727,196859.9989365331
24731,828811.0360918475
24733,1482181.3881161038
24734,966528.9602300938
24737,1479816.9479915358
24738,268046.0272611437
24740,1653916.0195577315
24751,385206.8643587659
24756,2487924.3825211544
24759,225867.79262508618
24760,4265405.182884593
24761,133648.43407544345
24762,471167.6386488146
24773,1732020.239450029
24778,671115.0692705727
24780,3644666.582095729
24786,2508608.947130072
24787,816738.2769753118
24789,1390035.8226376825
24796,2570834.074852
24799,1020174.1586761344
24800,648044.4785858917
24805,95437.49473757362
24806,559631.1773653557
24809,615123.0868538736
24811,353671.2329307789
24816,1672242.3970406256
24828,657728.3923211407
24833,177549.11310354463
24837,3983411.3206371837
24842,837538.3468518758
24843,617336.3718998977
24844,646415.8515065272
24853,480255.35466270376
24855,1142882.5773232633
24856,717022.7759438262
24858,535616.8923931199
24859,1144095.3897286328
24867,1339700.6910475332
24869,783737.8600604845
24873,888753.6727285904
24874,659007.218358017
24878,692213.14944541
24882,340075.7902232371
24885,368576.6103909029
24886,407238.1776217334
24889,988347.9454662197
24892,1608077.1544178545
24893,1165707.9073449243
24895,219373.058630044
24897,1865760.776690952
24899,54020.22459662522
24904,1829076.7514779333
24906,1444936.2394366001
24913,1244868.5504934182
24914,601399.5259772207
24915,58945.858838479886
24916,1526987.935396643
24921,2039586.0220397941
24924,894138.88871989
24925,746046.9053473305
24927,1406721.0929455652
24928,1442958.0680120268
24930,72751.70991824172
24933,3728063.292011991
24938,65478.6477817833
24939,1134278.398580686
24942,29663.26163128249
24945,602970.1879083323
24948,168224.45772157935
24950,3925298.18880045
24953,262912.4971781557
24956,264165.8104692216
24965,327764.73746185994
24966,694843.965360641
24967,579545.6825079987
24971,169119.84322344713
24972,1212886.5463970029
24975,614060.7580509152
24981,1142265.3210610843
24983,554915.9409023545
24987,277132.08677519293
24995,1001282.4932702362
24996,644928.0705512475
25002,234606.47994807357
25005,230452.26520230077
25008,1374239.1921840617
25010,607331.4563190915
25011,1146848.302028516
25012,1104073.684098645
25014,142287.30771856173
25019,3120918.684145532
25021,1067401.3258893238
25026,241133.55741957336
25029,356602.48623184493
25031,3022575.090904533
25032,599870.3686622514
25034,122802.4365963686
25039,656404.7964645195
25049,4120105.19337612
25050,301591.00650125835
25055,605429.2307956446
25056,1341930.760038398
25059,221311.09647894194
25060,1577903.8728341772
25062,430368.48367012275
25063,1332327.6180855227
25064,670315.3780919772
25065,543279.8829468165
25066,1088327.9040377664
25067,577121.5549439347
25071,2678333.437970133
25074,206660.92070093274
25077,3824669.0889940294
25087,1297433.7030561434
25088,494051.30145096156
25089,927340.982614823
25090,58388.000273396654
25091,2795032.250505278
25095,560602.3376247375
25096,620578.2965559319
25098,51308.76626026638
25103,140538.94124294867
25104,733015.4430760845
25105,83210.16983954764
25108,591890.1662101063
25109,860934.5177963043
25110,2512540.431921322
25113,3949963.8072783425
25115,141736.5974165632
25118,70346.24120329141
25121,982786.2914182013
25122,4513760.78272282
25123,576154.3303619216
25131,329689.1264075325
25133,1773175.085694009
25138,190527.1131068543
25139,3782920.177008889
25140,640914.5247900168
25142,62546.346245238674
25148,215718.17789953767
25150,1361468.138627099
25151,1468255.510529824
25153,2001959.4126194457
25156,644601.7117940552
25164,844432.5807341002
25169,1509638.0300360087
25171,558140.3779954591
25173,142759.188625126
25177,64436.01417499396
25178,650591.7990527858
25180,248021.8158485307
25186,760152.1902750003
25190,88497.71804402187
25192,2521195.764144372
25194,20206.240500075415
25200,1244806.0436959527
25201,215808.11475339485
25203,830393.3423747965
25205,244062.7626644985
25211,22482.77568867979
25213,483933.9362075552
25218,250910.97774188616
25223,1370275.39164643
25229,75002.17753489954
25233,716809.2447740661
25234,562151.6218372846
25235,691705.4343122623
25236,371986.35124729876
25237,698366.9250800643
25239,650994.4838637302
25242,168996.09572274153
25244,1325782.438212635
25245,1157662.686486282
25248,877475.6728215537
25254,1042361.9515314306
25260,2801563.038067983
25262,660773.8267618817
25264,941937.8938450462
25266,711265.1210338076
25276,176313.22585811795
25277,171481.51467886555
25278,1498999.0877964718
25280,562827.6782342432
25283,634784.326880399
25287,505181.9020787993
25289,573654.0373459813
25292,4037175.0036430587
25295,741129.9455511165
25297,1604949.6201539454
25299,1013692.7158887516
25303,550939.7843632892
25304,743575.3848567356
25305,679862.557248881
25306,1640319.5790164184
25309,1045870.2839492768
25310,217733.3804048021
25311,629346.5159416412
25313,208890.9128746335
25314,277852.920446231
25320,1522798.4744312586
25321,180515.30224240877
25329,231206.07819109035
25332,597109.1882280796
25333,597934.908825543
25334,567540.7078482987
25336,1072203.8957193922
25340,225295.1707348418
25342,382192.79333330033
25343,590119.6961198141
25345,522192.95003668056
25350,186291.13685676357
25355,4206131.100314272
25358,754224.7528937638
25366,969467.1406298083
25367,1272951.3355159173
25369,1785877.3364032144
25370,1008710.3591866931
25372,1608266.858636611
25373,22463.783523762937
25374,2754329.3573791157
25375,384766.0516600849
25377,53537.180411420195
25378,1280602.3981419548
25381,552852.4407721019
25382,543853.0500922999
25384,597862.496199532
25387,1138559.330124309
25396,709203.0777657558
25398,611880.2100825328
25399,246174.71180526694
25402,2522813.9374469854
25409,210971.6452261045
25413,2263930.455102914
25415,3236099.9493692
25419,2198655.510133463
25420,1443621.414264589
25423,2391305.601722008
25425,1664994.780639632
25428,1127116.8296205217
25451,162171.00384289853
25457,1990402.2940268754
25463,155367.32167027055
25465,795678.641546451
25467,693177.6591763496
25469,286843.61167856026
25470,2305815.469821236
25471,648482.8402112756
25472,2940085.3443573816
25474,190148.34748116255
25477,146684.0803461948
25479,294063.2194270105
25480,3513121.744740964
25491,1786308.6468511557
25494,216186.66079452317
25500,2990804.121281337
25501,1012314.8139514021
25503,1274928.1291909434
25506,369621.8798438842
25509,634168.866048593
25520,423369.4151182615
25524,138373.6663964722
25525,626858.4034610264
25531,24445.373350896913
25532,519705.14752351015
25535,92168.68452122499
25546,138462.94863895155
25547,523086.1556483531
25550,445870.155392123
25553,1331089.6039396797
25554,1263189.0859670385
25559,1392548.8392336678
25560,1468704.5789783043
25562,1516390.284451517
25564,1325807.262448067
25568,890941.1946347759
25570,1622175.9281245717
25577,869634.5192587527
25579,141387.84533571723
25580,2772425.0105912415
25583,1140761.2482265222
25584,1175370.3022355777
25586,242042.8954978239
25589,1245570.5232991304
25590,700697.9844600434
25594,569385.1855438758
25596,684131.9061922743
25599,707076.4708457618
25603,1754760.2546205935
25605,1410466.935941111
25608,207502.7488478994
25610,790816.9987277833
25613,56466.49704148116
25614,681627.7579880625
25619,79482.33831701562
25625,583308.977225492
25627,3903962.1119620823
25628,216087.25914430863
25629,871403.498767952
25633,134483.3233170295
25636,208492.0212235741
25638,672495.1376784495
25640,564660.340444824
25643,1477995.671490699
25644,586787.986032157
25646,2256341.9318411318
25649,323018.04041259055
25653,46069.07186594218
25657,1139641.8461762941
25660,453401.7125796257
25664,718943.1574387869
25666,2338406.398375807
25667,1373904.513215356
25669,712074.516908445
25670,447532.29004968476
25679,162367.11481928683
25682,609421.4985188016
25685,1204803.5989920232
25687,1195350.860838289
25688,1025495.7713237195
25691,5749459.78765438
25694,441886.0530673162
25695,2647631.0483027315
25701,678091.594028931
25704,1109615.2175421785
25705,3841933.192149448
25707,576349.908198763
25709,65619.59233869084
25710,156424.39251360457
25713,591387.2449362563
25714,3935425.5655501164
25721,2721822.1778702596
25723,526801.5274825144
25725,372448.29514511727
25727,173264.62344229987
25729,774337.1929602028
25734,1317261.8918538364
25737,3830753.7755307555
25740,35331.704561002116
25742,28691.495459367925
25748,152960.12302370285
25751,22053.882128511337
25754,641923.7543321246
25759,688519.6036702014
25766,233680.62065890638
25767,612235.5241232094
25773,562291.4449866696
25782,660944.6652361378
25787,1508660.3888056716
25791,3795894.0176456077
25792,3723894.936844882
25793,1570991.383712612
25796,647940.9292946564
25799,3740067.883457487
25805,165926.87267970023
25809,260061.82432416227
25810,1545844.977374788
25819,23020.72159814582
25820,1633021.7637527524
25821,598379.2825476922
25824,1379783.6219847822
25831,388329.7858672869
25840,216091.4602781719
25847,696480.1739896034
25848,2702059.012550327
25849,3790980.40766155
25853,537483.3977541234
25859,1532303.1988865538
25862,669670.3507611218
25871,1617843.447376318
25872,857109.5160716908
25878,235796.4524029261
25879,4029499.4652648927
25880,760599.1151470998
25883,23786.694233927836
25886,1699255.4119324493
25888,223328.78055131828
25889,1485826.8676588652
25890,1777753.5521404892
25892,563840.8510726655
25895,546421.3323117023
25897,1101972.722449498
25899,1429561.3623607177
25902,259863.82200548114
25904,4059243.007193851
25906,148995.1683238218
25907,2097423.745673982
25916,142187.20180219502
25919,201556.94129973065
25922,222956.3858518108
25929,1097912.4442212267
25931,3728308.594213174
25932,2234778.820046869
25935,645546.7837422297
25940,527811.6391579948
25941,495487.0389765269
25944,1165570.484198084
25945,1756992.9001271543
25953,89207.73889323999
25955,314596.73589462874
25958,3896472.1866079443
25960,925289.0066295181
25961,744578.1998981611
25964,488487.0197379085
25966,455076.60208266653
25968,1783940.6121305206
25975,1182109.0418410618
25980,1190718.2114481293
25981,1148093.8881030623
25982,636531.0209056822
25990,580034.7607594121
25991,241000.7534485404
25993,699960.2264400051
25996,1553483.0993503544
25997,3768470.3565339693
25999,1104640.732487823
26003,1525148.7722282205
26004,136471.23749386935
26009,411848.0870441958
26010,644013.0460312804
26012,219055.4725713679
26014,24670.49984427501
26019,3140485.3458890165
26024,1307476.8077444776
26030,23599.63085155483
26032,764635.3010918703
26039,49755.243501915495
26040,1705282.1855104323
26045,685234.8509309592
26047,464781.7719636022
26050,1884719.6282420207
26053,602039.3018909974
26055,882164.3670160342
26056,22210.459203958773
26058,680080.4077481901
26059,793736.7070711028
26062,2200148.7249510055
26063,1028616.9739074233
26066,85666.69416675149
26069,1548743.3938308768
26071,512057.4217485442
26072,804267.6800001631
26078,727638.2088229858
26080,2315243.08032498
26081,484469.62513111776
26084,613702.1806905784
26085,1519987.0488922743
26086,553026.2534468522
26089,2631264.5849131076
26091,619716.3293022721
26096,219585.26057075322
26099,1875639.60582749
26102,583216.4477034139
26104,627147.2806138645
26106,1007759.8902416226
26108,1100947.3233334336
26110,84145.36856786015
26111,277215.06799011654
26112,3394985.914527007
26118,703284.9915930008
26121,930062.886632143
26122,1320111.3799972946
26123,465662.8660973584
26126,4012560.0649300157
26127,779547.7941088261
26130,1529638.4601055132
26131,1212159.5359971754
26134,363435.2196804186
26138,610377.2478918121
26139,222612.91296412042
26140,176381.04210888702
26146,56313.7512782858
26149,299942.0017007418
26155,1795979.8872474057
26157,135044.53312597636
26158,188313.23972941432
26160,171114.1551916378
26161,1016794.1365860164
26162,4027722.4107035007
26163,2073164.1534147416
26170,1328095.105555595
26174,1127557.3291036235
26176,599573.5850237538
26182,815806.084956375
26184,148057.1286222157
26186,313599.3648009451
26187,254916.93451327848
26189,1474339.3092751366
26190,1001587.6344486116
26193,63473.157408432315
26196,461839.3095076726
26203,4082916.2601414905
26204,522840.96297933266
26209,457705.27552356565
26214,142853.3490985137
26216,56968.127677121316
26217,920865.6075738585
26219,3797823.0480379444
26220,1184873.9400840693
26222,832894.8311959679
26227,524252.4240711721
26228,773966.5294693222
26232,2522569.7497252747
26233,161961.68740137163
26235,543282.788903894
26242,575846.2542958754
26243,1094248.2519274214
26246,400989.6928858432
26247,541453.0108749816
26252,695371.9082537581
26255,1286188.4977398075
26259,223529.9678263402
26263,181432.55383921656
26264,3821812.2971633193
26265,1121717.4630763303
26266,808356.2271558711
26267,59932.9013921807
26271,1056635.3735312093
26276,697635.7810412204
26277,29202.091588810177
26278,211272.82829021942
26286,676344.365076485
26289,824354.622435088
26292,2890491.1912612403
26294,549393.5935203199
26295,224648.20785163683
26298,680535.7825177052
26300,3805535.2457659766
26301,1278158.0627324085
26302,37705.43198350505
26304,553294.3587037339
26310,558844.9295285352
26313,178053.4131196532
26319,160821.4117297029
26321,450430.29292548646
26323,205229.42599693226
26330,48607.30861555174
26331,608270.9757302606
26333,239690.57270152925
26334,1076030.6578876888
26335,79416.6729287853
26336,617500.8641530246
26337,2343117.3024902274
26339,517763.6919172256
26340,68479.62031192509
26342,60150.67571893341
26343,2017504.3651589311
26345,217222.279001647
26346,3628337.3137973486
26347,3221887.775523735
26348,761166.6134809908
26354,858160.8872979743
26358,2404743.9548549214
26363,701062.599172363
26370,77639.33962643068
26371,643113.737374522
26374,929215.157808955
26377,216671.66676806204
26378,1462467.2118214632
26379,3744445.5586801944
26380,613970.750454397
26383,484295.0352130303
26384,1422727.8605908619
26385,199095.4573675889
26387,458641.8387995129
26388,335740.96668007225
26390,2415236.2913173595
26392,880995.6175409823
26394,519899.2040588648
26395,1146307.3503523583
26398,134570.5418906602
26406,614757.0593467087
26407,400926.8755614075
26408,852129.6192019216
26412,545806.1565446465
26413,1440418.5678412388
26414,543814.4329173021
26419,86947.9860507082
26426,3965855.343067928
26427,561386.3855901812
26428,1001562.4803134878
26429,109094.99437029359
26435,746940.2057323063
26436,476718.15433518274
26442,460098.50497613463
26444,218312.48799342895
26445,1217863.1842817382
26449,726537.5872251983
26450,973953.0610987655
26451,519416.7165739696
26452,3610761.474002741
26458,1309433.3745181058
26459,161206.2316113891
26460,234408.9294379625
26461,2180367.656385274
26462,1961654.930093129
26464,939120.1014768353
26466,596401.0930770938
26470,3916556.3850001954
26471,1669570.3221987027
26477,205380.4969159122
26479,3675949.175947611
26483,597374.2697246898
26484,1206933.7958043101
26485,616919.6336801108
26487,376602.60329958174
26489,1355658.0659907795
26493,349827.6521791954
26498,524747.9307711932
26504,757487.3161293351
26507,167424.69495299697
26508,8804.112471906856
26509,1032575.4591662555
26513,409419.7740914453
26523,1237898.9450924792
26525,668179.8469266397
26526,1206423.1159366295
26530,850697.464681789
26531,476838.8203288601
26533,112212.26275712793
26534,665951.2997981263
26536,1000500.8377005472
26537,1027761.2644407782
26541,1389023.5011307346
26545,1178258.511689721
26547,585767.9893143298
26549,734113.2282548548
26550,322374.9650545931
26551,722151.6480415552
26553,1048034.5296953247
26554,1218129.2828149756
26555,24623.192897504206
26560,333053.0044344207
26562,1045925.6092568875
26564,44447.563849414306
26566,500542.1984886741
26569,29090.926116676423
26571,526238.6473715686
26573,1646844.6618208818
26574,768084.4228682925
26575,199803.17251391543
26578,228989.9192773035
26579,369630.5249005452
26582,723583.7913094119
26583,775488.802242507
26587,35555.631374849436
26592,134997.7383681861
26594,579653.0580469863
26595,765772.7831210544
26596,624514.3548697389
26598,137843.49351366147
26604,533019.1871148499
26606,57108.87331402749
26614,2524637.9759935816
26615,479572.39517275844
26618,963883.5166130967
26619,1254364.9162942444
26620,1172305.9521928567
26622,1712452.3278525888
26627,762078.4897081557
26628,168704.93625551177
26630,2614439.5855054827
26634,1165933.0530860266
26638,45224.53734298006
26642,545247.2899951512
26645,3686694.5341549213
26647,476258.57828038215
26651,349458.8283233726
26652,4108279.2723016925
26655,1094035.0978026318
26658,523437.8763433901
26659,516524.4135072496
26661,731047.3837956341
26662,640232.8046035426
26664,865343.4001043057
26665,136392.88612478605
26667,82657.01842816378
26668,196814.6145430547
26669,415057.2133164907
26671,1549679.7017581123
26674,178190.41616630388
26675,616804.9952499822
26677,1761194.400495209
26679,582474.85851502
26681,4064896.0517727127
26682,79424.11144445573
26683,721019.3440503073
26684,484938.73464486573
26686,344645.15793767245
26687,132435.28964958293
26688,599984.449836855
26690,299811.12563911447
26691,73897.42188041532
26694,1026775.6612641623
26697,227051.4083950302
26698,972113.302407599
26700,2304894.3307536757
26704,649116.262137438
26707,878948.7472256452
26714,460740.11762729235
26715,1269520.276140033
26719,422475.72063038324
26721,201052.817590102
26723,929590.352964846
26729,648209.9766187489
26730,100757.8062887823
26732,1088717.1975089812
26734,1410671.8533778407
26736,684335.9854434248
26737,111558.80014668341
26738,116266.50068493279
26743,340649.5796762543
26748,161436.2676826564
26749,1003236.4520437211
26755,488622.2749935078
26756,1216917.2600076667
26762,257910.74363629628
26767,365226.67027177225
26768,517123.82971675566
26769,308376.76811106363
26772,902788.603346164
26773,790318.7213285886
26779,1297694.0335716498
26780,1259535.863641994
26782,808435.248953428
26785,616752.1312243633
26790,653411.3324122451
26791,3844189.347489513
26792,1090754.4026921564
26794,552926.6940739382
26800,572455.1583306876
26806,995174.5265006926
26808,230695.91068987953
26814,652030.2457304989
26817,798451.0451845973
26818,484223.6612725111
26819,132280.78908345083
26821,1291290.8868001746
26833,51187.21516589557
26836,629426.6356979695
26838,375827.67413973453
26839,592459.8260040126
26842,535116.9056385966
26845,3930433.7225043117
26847,495715.46029170667
26849,746707.3689649636
26850,878180.9304770456
26851,346105.9099429008
26854,3117187.91368972
26857,3819755.213128565
26858,156050.67962357306
26860,1238458.245602835
26861,1840841.3293192296
26863,55092.49237581994
26868,1543264.3316887661
26869,66873.13370221911
26877,176727.6090274621
26878,186295.54581270684
26879,528458.4359810014
26885,566310.8110218865
26887,1235658.907269621
26891,528726.2641516173
26892,1812478.5090538799
26894,805042.8208719962
26895,541632.3634095816
26898,2642889.5093990383
26903,391020.91282055277
26904,1306658.6587829962
26909,1697650.385412166
26911,1709725.636169247
26916,3143093.4064299297
26917,68355.36550472493
26919,1179630.3768649455
26934,184340.99567247755
26936,785626.5260335429
26937,497069.7674732995
26939,813988.2632926124
26941,1468257.7691038104
26942,231870.1158428761
26944,553432.7279696134
26945,188248.51500678263
26946,3772817.787628256
26947,3850746.8996973014
26948,838634.3436928953
26955,2211517.749544301
26956,792474.4417325037
26958,185654.88558008414
26959,1129584.0639238304
26961,1421699.3881598436
26962,1977309.7258546364
26963,1693535.821014037
26967,1089406.410059546
26969,550104.7623811511
26971,646687.2429406109
26972,673389.3948050034
26974,194491.42896071204
26975,149516.73840324354
26976,758696.8850734839
26977,1547140.9523278486
26980,370318.10737699433
26983,85363.82433124496
26984,582690.1175053723
26986,575131.5794113622
26987,278161.89984194434
26988,508309.56981111394
26989,138953.1522427417
26992,708585.9608420101
26994,223130.20937689042
26996,450911.71441717603
26998,599952.2436932318
27002,1165646.3582691022
27003,606480.2233916906
27009,489508.13247538294
27011,537652.4712206118
27013,2099814.379523311
27017,1152653.178242185
27023,558094.0825256539
27024,593674.0258675308
27026,213774.96689010752
27028,562106.9796159472
27029,1232726.220302875
27030,1008764.116226417
27032,621056.544630431
27034,473022.02564786456
27037,284684.98253919295
27041,626676.3611793914
27042,663429.5142090617
27046,1038759.5594845403
27058,486099.55811159714
27059,2008037.1616259115
27061,1104077.8216040023
27063,1183298.2448816637
27068,988017.7800507644
27070,918336.0541211203
27072,747074.8942054377
27074,4240128.826688214
27075,762323.789041439
27076,962394.6491508165
27077,267680.14831046667
27079,261794.82461865447
27080,104130.8167666617
27081,698423.0790656016
27085,52993.777668421375
27087,542118.1852917774
27091,2014545.5197584466
27097,4043109.8980773585
27101,569281.9842664103
27102,671857.2794664231
27105,1380160.182245803
27106,596036.1676620002
27107,2823274.4430662054
27108,241087.54270573275
27113,471084.15785835177
27127,1623286.6792881498
27132,739440.8472001776
27134,172860.08888725695
27135,170497.51458450704
27138,170968.416408127
27143,1385431.798430655
27144,738299.6804257713
27147,249531.1910676495
27150,682048.0186791783
27151,2564910.042205549
27152,1017478.2736006579
27155,185263.20920894455
27157,718705.5586875172
27162,100520.26905420476
27164,924596.7510247313
27169,498673.95303908724
27170,1207859.2675539718
27172,542038.9199871774
27175,711892.8408116924
27176,1261928.467599636
27177,1366249.3104193232
27188,2626710.896526423
27190,3864770.6933906847
27192,232759.42466694058
27195,3663987.745933572
27196,218252.5455662312
27198,611957.4196676314
27200,2879711.995597141
27202,539420.6269390205
27203,1147360.502583088
27206,410038.78236565116
27207,3932265.2889808905
27208,502364.04655270814
27211,360994.01524405874
27212,62128.7784988596
27213,465787.28594662325
27215,233350.88925159242
27216,1065875.9320606925
27221,656594.0298282418
27222,3948379.3184702573
27224,4098052.0488649984
27226,675199.6646601064
27230,254492.59303547055
27231,1932279.7688696752
27232,428751.91565788334
27237,125493.58744972885
27244,72241.30056463624
27248,839297.2558878354
27251,29010.56367190926
27254,269008.911038721
27255,29857.70255948116
27257,1504004.054121808
27262,177591.4797903573
27263,1724854.8861756353
27265,709987.2950293415
27267,480069.10520522005
27268,300778.818026427
27273,486727.8091153813
27277,770287.9565533833
27278,770231.1602785388
27279,490714.6634593196
27285,1260308.9465076372
27287,19919.261902524395
27288,253706.08732506615
27292,1264096.2819570536
27293,98314.32812118519
27295,207331.32884866185
27297,218461.73109243775
27298,3207118.4130888213
27299,149965.66502309497
27303,197668.5335920862
27304,57933.89207097396
27307,1352752.1522076125
27311,834999.3571441143
27314,2238457.507704527
27316,601075.9759834462
27317,1528522.9410347887
27318,696413.7586486319
27320,655479.0756865952
27324,263443.8428332072
27325,1006314.8409682515
27328,814463.3457520145
27333,1053936.6692432913
27342,22033.119756069682
27344,2840309.0346553116
27350,2604098.1409412855
27357,3791771.613055128
27359,521122.5778166493
27363,634566.4026001582
27364,1306046.529655157
27373,667896.0273240664
27375,941179.9122316579
27376,1528391.2369454943
27377,776957.6865821554
27378,347805.22924560314
27381,526813.5144459478
27389,360498.5091270937
27391,622259.3573495232
27393,1049509.5462987286
27394,1064708.8409165475
27395,179164.11880876299
27397,167005.704379308
27398,1091011.6167374875
27404,37947.789561989695
27405,3666164.7526775147
27407,52253.15231814289
27410,1127280.539912427
27413,233326.3055214458
27416,1977431.3071410013
27420,1050008.430158107
27424,459940.2949989929
27428,1765987.816193428
27429,55377.79620681763
27433,582465.0073153765
27442,753533.8783937993
27444,790743.5949799017
27451,916141.7973491532
27455,442276.03456592915
27459,873170.1459467645
27460,3846803.3040156187
27462,622800.3228287713
27463,61185.95867383475
27464,25269.72314914459
27473,587904.7565408916
27476,160240.3972412135
27477,653965.8548912915
27478,648160.0689403837
27479,595664.502363822
27483,228261.06552441258
27487,498791.9688272519
27488,130750.13611914987
27489,257067.80057263703
27490,565755.6531256158
27491,978543.0569497783
27493,1479377.2725413032
27496,3161931.0761460736
27507,1251270.6988569805
27518,1493165.514928512
27519,1570520.1726989276
27521,716500.4045966258
27522,558081.871212734
27525,1128208.6791573763
27527,2316012.2685194206
27531,1273413.341693916
27533,514627.77480877534
27538,3593427.0599355907
27542,1168498.8664963865
27545,544365.5871873299
27547,3814795.5317921434
27548,702725.4005477751
27549,982306.5824935753
27553,1124905.356011384
27554,950214.1215673431
27557,1463324.6020265215
27558,844930.3335623168
27559,2677770.0582854347
27560,664654.878926404
27563,1801139.355644483
27565,2284176.8770063748
27566,1489305.58874864
27567,492317.4531190161
27568,223108.11715944644
27570,579652.6521644199
27571,138573.21345443442
27575,1594019.269544307
27576,535131.5436755205
27579,811842.253710098
27581,89920.84723167855
27585,21591.21630747822
27589,606458.2612931763
27590,3641123.0889804238
27596,583682.6613323799
27597,331737.37565632706
27599,572073.3137268784
27600,1225228.6071354863
27602,4116815.722301238
27603,1263826.2613242823
27608,1124432.572767138
27611,354793.86029025214
27613,231103.5423814785
27614,224657.2986357636
27618,1382859.0248465808
27622,486888.96697535977
27624,121529.84632810233
27626,209006.06447150893
27629,402544.8703096313
27632,3802585.563754052
27633,978577.3259033757
27634,517647.11483144155
27637,435771.2705718641
27638,160302.48043310913
27642,188927.44059428837
27643,4139344.4029716193
27652,3735715.812487447
27659,848658.3347037791
27660,556329.8888788243
27662,589957.7516697793
27665,1660700.0028362663
27670,54181.05649446806
27671,640743.5446210768
27677,2860523.867549094
27678,731005.4372311654
27682,523316.45237256296
27683,506265.5955306108
27685,737689.3836669831
27686,1001756.7264246979
27697,3076405.8878512587
27699,976996.1912875113
27700,2543400.628285566
27703,1412847.1691025405
27704,1214826.1822521337
27708,604168.3182855918
27715,960622.049179685
27716,1185162.809154599
27717,1800674.4078303888
27718,478149.37154108216
27721,975520.3046661285
27722,213333.358080071
27728,621968.934400382
27729,2895537.80308187
27730,22071.732398791453
27732,1908778.6778018104
27737,640461.9805588322
27741,588105.4796907356
27743,762594.395445895
27745,133023.38835056312
27751,1345814.4678161743
27753,529883.5328652399
27754,560968.0197522017
27757,907015.0437589744
27762,692322.4777161526
27763,402849.96255809336
27765,615715.1839923778
27771,1280836.3093284606
27779,685898.0437361515
27781,1152846.8303632871
27785,277354.1372426993
27786,543780.6512825671
27788,609958.4975731212
27789,471745.92464764824
27791,313051.8624729646
27793,543597.6022280916
27799,537271.296001949
27805,680584.2949819935
27808,537460.0748483615
27812,1464690.6941709006
27815,1565016.777161647
27816,921709.2548542348
27817,1336659.7129360223
27818,843701.8882622314
27819,200384.3072639215
27820,505728.9384498762
27824,639472.1978777776
27825,1213430.760390164
27826,1468157.6789931245
27832,428310.46161863266
27839,3846050.9344531517
27840,139382.09767631267
27843,761177.1821855002
27848,181805.82776421652
27850,570325.3430893024
27853,4462869.692448449
27854,855639.8401222369
27857,37251.649699544985
27862,921114.0241016202
27864,550054.0620748918
27865,348092.719262677
27866,798596.7066233433
27870,815574.2581042682
27872,641661.9224918836
27873,824245.1981920901
27874,398011.04861676495
27878,582215.1436217577
27879,892624.241019832
27881,650998.5952942725
27889,766333.1648148304
27890,3935835.7182421396
27893,1273830.8982250602
27898,1792776.712436936
27900,437060.06782778556
27909,338237.9848787441
27918,3821263.3748065336
27921,141478.43716047914
27940,23160.178168061866
27941,3972016.261022877
27946,959314.6455384027
27947,594459.5087018423
27948,37506.43584317833
27949,667108.7033560966
27952,615328.2734919189
27955,3472735.6037373543
27959,587808.1623060759
27960,2678983.4610824
27962,1040763.2900674688
27964,806401.842519554
27968,1305494.6368385162
27973,392349.1408729463
27976,886256.8391464555
27981,637551.4223397642
27984,227735.1692580975
27985,1089067.3294816692
27986,1506352.733383422
27990,457435.0342696057
